Site,Specimen,Species,Sex,Mass ,Length,Chironomid,limonia,Simulium,Tabanidae,Tipula,Diptera,Baetis ,Heptagenia,Isonychia,Chimarra,Hydropsyche,Agnetina,Neoperla,Crambidae,Amphipoda,Eggs,Isopoda,Ostracods,Mites
GH14-001,FM1,E. flabellare,M,2.59,6,1,0,0,0,0,0,3,0,0,0,1,0,0,0,0,0,0,0,0
GH14-001,FM2,E. flabellare,M,2.8,6.4,1,0,0,0,0,0,0,2,0,0,0,0,0,0,0,0,0,0,0
GH14-001,FM3,E. flabellare,M,2.56,6,0,0,0,0,0,0,2,0,0,0,0,0,0,0,0,0,0,0,0
GH14-001,FM4,E. flabellare,M,2.26,5.8,3,0,0,0,0,0,0,0,0,0,1,0,0,0,0,0,0,0,0
GH14-001,FM5,E. flabellare,M,3.16,6.7,4,0,0,0,0,0,1,0,0,0,2,0,0,0,0,0,0,0,0
GH14-001,FM6,E. flabellare,M,2.44,6.1,6,0,0,0,0,0,1,0,0,0,0,0,0,0,0,0,0,0,0
GH14-001,FM7,E. flabellare,M,2.26,6,16,0,0,0,0,0,2,0,0,0,0,0,0,0,0,0,0,0,0
GH14-001,FM8,E. flabellare,M,2.31,5.9,14,0,0,0,0,0,8,0,0,0,0,0,0,0,0,0,0,0,0
GH14-001,FM9,E. flabellare,M,3.21,6.6,0,0,0,0,0,0,3,0,0,0,0,0,0,0,0,0,2,0,0
GH14-001,FM10,E. flabellare,M,3.01,6.5,7,0,0,0,0,0,11,0,0,0,0,0,0,0,0,0,0,0,0
GH14-001,FM12,E. flabellare,M,1.87,5.7,0,0,0,0,0,0,6,2,0,0,0,0,0,0,0,0,4,0,0
GH14-001,FM13,E. flabellare,M,2.78,6.2,38,0,0,0,0,0,1,0,0,0,2,0,0,0,0,0,1,0,0
GH14-001,FM15,E. flabellare,M,2.88,2.88,5,0,0,0,0,0,0,0,0,0,3,0,0,0,0,0,0,0,0
GH14-001,FM16,E. flabellare,M,2.06,5.9,2,0,0,0,0,0,2,0,0,0,0,0,0,0,0,0,0,0,0
GH14-001,FF1,E. flabellare,F,2.09,5.3,34,0,0,0,0,0,2,0,0,0,0,0,0,0,0,0,0,0,0
GH14-001,FF2,E. flabellare,F,1.69,5.2,5,0,0,0,0,0,1,0,0,0,0,0,0,0,0,0,0,0,0
GH14-001,FF3,E. flabellare,F,1.86,5.5,2,0,0,0,0,0,2,0,0,0,0,0,0,0,0,0,0,0,0
GH14-001,FF4,E. flabellare,F,2.53,5.8,0,0,0,0,0,0,0,0,0,0,0,0,0,0,1,0,0,0,0
GH14-001,FF5,E. flabellare,F,1.98,5.2,26,0,0,0,0,0,0,0,0,0,0,0,0,0,0,0,0,0,0
GH14-001,FF6,E. flabellare,F,2.03,5.3,26,0,0,0,0,0,3,0,0,0,0,0,0,0,0,0,0,0,0
GH14-001,FF7,E. flabellare,F,2.9,5.9,31,0,0,0,0,0,4,0,0,0,1,0,0,1,0,0,0,0,0
GH14-001,FF8,E. flabellare,F,2.29,5.8,18,0,0,0,0,0,0,0,0,0,1,0,0,0,0,0,0,0,0
GH14-001,FF9,E. flabellare,F,2.03,5.7,0,0,0,0,0,0,0,0,0,0,0,0,0,0,0,0,2,0,0
GH14-001,FF10,E. flabellare,F,1.56,5.2,16,0,0,0,0,0,2,0,0,0,0,0,0,0,0,0,0,0,0
GH14-001,FF11,E. flabellare,F,1.45,5.1,36,0,0,0,0,0,3,0,0,0,0,0,0,0,0,0,0,0,0
GH14-001,FF12,E. flabellare,F,1.46,5.2,0,0,0,0,0,0,0,0,0,0,2,0,0,0,0,0,0,0,0
GH14-001,FF13,E. flabellare,F,2.49,5.8,7,0,0,0,0,0,3,0,0,0,0,0,0,0,0,0,0,0,0
GH14-001,FF15,E. flabellare,F,2.1,5.7,5,0,0,0,0,0,3,0,0,0,2,0,0,0,0,0,0,0,0
GH14-001,FF16,E. flabellare,F,1.28,4.8,6,0,0,0,0,0,0,0,0,0,0,0,0,0,0,0,0,0,0
GH14-001,FF17,E. flabellare,F,0.81,4.6,0,0,0,0,0,0,0,0,0,0,1,0,0,0,0,0,0,0,0
GH14-001,FF18,E. flabellare,F,1.82,5.2,12,0,0,0,0,0,5,0,0,0,2,0,0,0,0,0,0,0,0
GH14-001,FF19,E. flabellare,F,1.29,5,0,0,0,0,0,0,0,0,0,0,1,0,0,0,0,0,0,0,0
GH14-001,FF20,E. flabellare,F,1.49,5,14,0,0,0,0,0,2,0,0,0,1,0,0,0,0,0,0,0,0
GH14-001,FF21,E. flabellare,F,1.44,5,5,0,0,0,0,0,4,0,0,0,0,0,0,0,0,0,0,0,0
GH14-003,FM1,E. flabellare,M,1.13,4.8,0,0,0,0,0,0,2,0,0,0,0,0,1,0,0,0,0,0,0
GH14-003,FM2,E. flabellare,M,0.92,4.5,0,0,0,0,0,0,5,1,0,0,0,0,0,0,0,0,0,0,0
Gh14-003,FM3,E. flabellare,M,0.92,4.5,0,0,0,0,0,0,1,0,0,0,0,0,0,0,0,0,0,0,0
GH14-003,FM4,E. flabellare,M,0.67,4.1,0,0,0,0,0,0,0,1,0,0,0,0,1,0,0,0,0,0,0
GH14-003,FM5,E. flabellare,M,0.79,4.4,0,0,0,0,0,0,3,0,0,0,0,0,0,0,0,0,0,0,0
GH14-003,FF1,E. flabellare,F,0.65,4.1,0,0,0,0,0,0,1,0,0,0,0,0,0,0,0,0,0,0,0
GH14-004,FM1,E. flabellare,M,2.12,5.5,0,0,0,1,0,1,0,0,0,0,0,0,0,0,0,0,0,0,0
GH14-004,FM2,E. flabellare,M,1.64,5.4,1,0,0,0,0,0,0,0,0,0,0,0,0,0,0,0,0,0,0
GH14-004,FM5,E. flabellare,M,1.57,5.1,3,0,0,0,0,0,1,0,0,0,0,0,0,0,0,0,0,0,0
GH14-004,FM7,E. flabellare,M,1.53,5.2,0,0,0,0,0,0,1,0,0,0,0,0,0,0,0,0,0,0,0
GH14-004,FM8,E. flabellare,M,1.49,5.1,0,0,0,0,0,0,1,0,0,0,0,0,0,0,0,0,0,0,0
GH14-004,FM9,E. flabellare,M,1.43,5,0,0,0,0,0,0,0,1,0,0,2,0,0,0,0,0,0,0,0
GH14-004,FM10,E. flabellare,M,1.16,4.8,3,0,0,0,0,0,0,0,0,0,0,0,0,0,0,0,0,0,0
GH14-004,FM11,E. flabellare,M,1.58,5.3,0,1,0,0,0,1,2,0,0,0,0,0,0,0,0,0,2,0,0
GH14-004,FM12,E. flabellare,M,1.34,5,6,0,0,0,0,0,4,0,0,0,0,0,0,0,0,0,0,0,0
GH14-004,FM13,E. flabellare,M,1.1,4.8,0,0,0,0,0,0,6,1,0,0,3,0,0,0,0,0,0,0,0
GH14-004,FM14,E. flabellare,M,1.13,4.8,1,0,0,0,0,0,1,0,0,0,0,0,0,0,0,0,0,0,0
GH14-004,FM15,E. flabellare,M,1.14,4.6,0,0,0,0,0,0,0,0,0,0,1,0,0,0,0,0,0,0,0
GH14-004,FM16,E. flabellare,M,0.94,4.6,0,0,0,0,0,0,3,0,0,0,0,0,0,0,0,0,0,0,0
GH14-004,FM17,E. flabellare,M,1.51,5,3,0,0,0,0,0,0,0,0,0,0,0,0,0,0,0,0,0,0
GH14-004,FM18,E. flabellare,M,0.78,4,1,0,0,0,0,0,1,0,0,0,0,0,0,0,0,0,0,0,0
GH14-004,FM19,E. flabellare,M,1.11,4.8,6,0,0,0,0,0,0,0,0,0,0,1,0,0,0,0,0,0,0
GH14-004,FM20,E. flabellare,M,0.84,4.4,8,0,0,0,0,0,0,0,0,0,0,0,0,0,0,0,0,0,0
GH14-004,FM22,E. flabellare,M,0.48,3.7,1,1,0,0,0,1,0,0,0,0,1,0,0,1,0,0,0,0,0
GH14-004,FF1,E. flabellare,F,0.9,4.5,1,0,0,0,0,0,2,0,0,0,0,0,0,0,0,0,1,0,0
GH14-004,FF2,E. flabellare,F,1.14,4.7,3,0,0,0,0,0,2,1,0,0,1,0,0,0,0,0,0,0,0
GH14-004,FF3,E. flabellare,F,1.16,4.7,0,0,13,0,0,13,7,0,0,0,0,0,0,0,0,0,0,0,0
GH14-004,FF4,E. flabellare,F,1.42,4.9,0,0,0,0,2,2,4,0,0,0,0,0,0,0,0,0,0,0,0
GH14-004,FF5,E. flabellare,F,0.71,4,1,0,0,0,0,0,0,1,0,0,0,0,0,0,0,0,0,0,0
GH14-004,FF6,E. flabellare,F,0.78,4.2,2,0,0,0,0,0,2,0,0,0,0,0,0,1,0,0,1,0,0
GH14-004,FF9,E. flabellare,F,0.81,4.1,0,0,0,0,0,0,0,0,0,0,1,0,0,1,0,0,0,0,0
GH14-004,FF10,E. flabellare,F,0.94,4.5,1,0,0,0,0,0,1,0,0,0,0,0,0,0,0,0,0,0,0
GH14-004,FF11,E. flabellare,F,0.66,3.8,0,0,0,0,0,0,3,0,0,0,0,0,0,0,0,0,0,0,0
GH14-004,FF12,E. flabellare,F,0.55,3.5,5,0,0,0,0,0,0,0,0,0,0,0,0,0,0,0,0,0,0
GH14-004,FF13,E. flabellare,F,0.48,3.5,1,0,0,0,0,0,4,0,0,0,0,0,0,0,0,0,0,0,0
GH14-004,FF14,E. flabellare,F,0.42,3.5,3,0,0,0,0,0,0,0,0,0,0,0,0,0,0,0,0,0,0
GH14-004,FF16,E. flabellare,F,0.84,4.2,2,0,0,0,0,0,1,0,0,0,0,0,0,0,0,0,0,0,0
GH14-005,FM1,E. flabellare,M,1.28,4.9,0,0,0,0,0,0,8,0,0,0,0,0,0,0,0,0,0,0,0
GH14-005,FM2,E. flabellare,M,1.5,5.2,2,0,0,0,0,0,5,0,0,0,0,0,0,0,0,0,0,0,0
GH14-005,FM3,E. flabellare,M,1.8,5.5,3,0,0,0,0,0,2,2,0,0,0,0,3,0,0,0,0,0,0
GH14-005,FM4,E. flabellare,M,2.55,6,0,0,0,0,0,0,4,0,0,0,0,0,2,0,0,0,0,0,0
GH14-005,FM5,E. flabellare,M,1.82,5.5,0,0,0,0,0,0,1,0,0,0,0,0,2,0,0,0,0,0,0
GH14-005,FM6,E. flabellare,M,0.71,4.1,0,0,0,0,0,0,1,0,0,0,0,1,0,0,0,0,0,0,0
GH14-005,FM7,E. flabellare,M,0.64,3.9,0,0,0,0,0,0,1,0,0,0,0,0,0,0,0,0,0,0,0
GH14-005,FM8,E. flabellare,M,0.67,3.9,1,0,0,0,0,0,0,1,0,0,0,0,0,0,0,0,0,0,0
GH14-005,FM9,E. flabellare,M,0.65,4,0,0,0,0,0,0,4,0,0,0,0,0,0,0,0,0,0,0,0
GH14-005,FM10,E. flabellare,M,0.39,3.5,0,0,0,0,0,0,0,0,0,0,0,0,1,0,0,0,0,0,0
GH14-005,FF1,E. flabellare,F,1.28,4.9,0,0,0,0,0,0,8,0,0,0,0,0,0,0,0,0,0,0,0
GH14-005,FF2,E. flabellare,F,1.28,4.5,0,0,0,0,0,0,2,0,0,0,0,0,2,0,0,0,0,0,0
GH14-005,FF3,E. flabellare,F,1.56,5.3,0,0,0,0,0,0,3,0,0,0,0,0,2,0,0,0,0,0,0
GH14-005,FF4,E. flabellare,F,1.48,5.3,1,0,0,0,0,0,0,0,0,0,0,0,0,1,0,0,0,0,0
GH14-005,FF5,E. flabellare,F,1.07,4.4,2,0,0,0,0,0,2,3,0,0,0,0,2,0,0,0,0,0,0
GH14-005,FF6,E. flabellare,F,0.94,4.3,0,0,0,0,0,0,3,0,0,0,0,0,2,0,0,0,0,0,0
GH14-005,FF8,E. flabellare,F,1.08,4.6,0,0,0,0,0,0,0,0,0,0,0,0,3,0,0,0,0,0,0
GH14-005,FF9,E. flabellare,F,0.7,4.2,2,0,0,0,0,0,1,0,0,0,2,0,0,0,0,0,0,0,0
GH14-005,FF10,E. flabellare,F,1.29,4.9,2,0,0,0,0,0,0,0,0,0,0,0,6,0,0,0,0,0,0
GH14-005,FF11,E. flabellare,F,1.16,4.7,0,0,0,0,0,0,4,0,0,0,0,0,0,0,0,0,0,0,0
GH14-005,FF12,E. flabellare,F,0.8,4.1,0,0,0,0,0,0,2,0,0,0,0,0,3,0,0,0,0,0,0
GH14-005,FF13,E. flabellare,F,0.58,3.8,6,0,0,0,0,0,0,0,0,0,0,0,0,0,0,0,0,0,0
GH14-005,FF15,E. flabellare,F,0.64,4.1,1,0,0,0,0,0,3,1,0,0,0,0,2,0,0,0,0,0,0
GH14-005,FF16,E. flabellare,F,0.71,4,0,0,0,0,0,0,1,0,0,0,0,0,2,0,0,0,0,0,0
GH14-005,FF17,E. flabellare,F,0.41,3.5,1,0,0,0,0,0,1,0,0,0,0,0,0,0,0,0,0,0,0
GH14-006,FM1,E. flabellare,M,3.02,6.5,2,0,0,0,0,0,0,0,0,0,0,0,0,0,0,5,0,0,0
GH14-006,FM2,E. flabellare,M,1.88,5.8,1,0,0,0,0,0,3,0,0,0,0,0,0,0,0,0,0,0,0
GH14-006,FM5,E. flabellare,M,1.63,5.3,14,0,0,0,0,0,0,0,0,0,2,0,0,0,0,0,0,0,0
GH14-006,FM7,E. flabellare,M,0.56,3.8,4,0,0,0,0,0,0,0,0,0,0,0,0,0,0,0,0,0,0
GH14-006,FM8,E. flabellare,M,1.36,5,0,0,0,0,0,0,1,1,0,0,0,0,0,0,0,0,0,0,0
GH14-006,FF1,E. flabellare,F,1.37,5,12,0,0,0,0,0,0,1,0,0,0,0,0,0,0,0,0,0,0
GH14-006,FF2,E. flabellare,F,1.44,5.1,0,0,0,0,0,0,1,0,0,0,0,0,0,0,0,0,0,0,0
GH14-006,FF3,E. flabellare,F,0.79,4.3,54,0,0,0,0,0,0,0,0,0,2,0,0,0,1,0,0,0,0
GH14-006,FF4,E. flabellare,F,1.23,4.9,7,0,0,0,0,0,0,0,0,0,0,0,0,0,0,0,0,0,0
GH14-006,FF5,E. flabellare,F,0.69,4,3,0,0,0,0,0,0,0,0,0,0,0,0,0,0,0,0,0,0
GH14-006,FF6,E. flabellare,F,0.67,4,6,0,0,0,0,0,0,0,0,0,0,0,0,0,0,0,0,0,0
GH14-006,FF7,E. flabellare,F,1.02,4.7,0,0,0,0,0,0,1,1,0,0,0,0,0,0,0,0,0,0,0
GH14-006,FF8,E. flabellare,F,0.52,3.7,12,0,0,0,0,0,0,0,0,0,0,0,0,0,0,0,0,0,0
GH14-006,FF9,E. flabellare,F,0.62,3.9,3,0,0,0,0,0,0,1,0,0,0,0,0,0,0,0,0,0,0
GH14-006,FF10,E. flabellare,F,0.5,3.6,14,0,0,0,0,0,0,0,0,0,0,0,0,0,0,0,0,0,0
GH14-006,FF11,E. flabellare,F,0.56,3.7,17,0,0,0,0,0,1,0,0,0,1,0,0,0,0,0,0,0,0
GH14-007,FM1,E. flabellare,M,1.76,5.4,0,0,0,0,0,0,0,0,0,0,0,0,0,0,0,1,0,0,0
GH14-007,FM2,E. flabellare,M,2.08,5.5,0,0,0,0,0,0,1,0,0,0,1,0,0,0,0,0,0,0,0
GH14-007,FM4,E. flabellare,M,2.56,6.3,2,0,0,0,0,0,0,2,0,0,0,2,0,0,0,0,0,0,0
GH14-007,FM5,E. flabellare,M,1.47,5.1,1,0,0,0,0,0,1,1,0,0,0,0,0,0,0,0,0,0,0
GH14-007,FM6,E. flabellare,M,1.98,5.5,1,0,0,0,0,0,1,0,0,0,0,0,0,0,0,0,0,0,0
GH14-007,FM7,E. flabellare,M,1.24,4.7,1,0,0,0,0,0,0,0,0,0,0,0,0,0,0,0,0,0,0
GH14-007,FM8,E. flabellare,M,1.29,4.8,3,0,0,0,0,0,0,0,0,0,0,0,0,0,0,5,0,0,0
GH14-007,FM9,E. flabellare,M,2.67,6,1,0,0,0,0,0,0,0,0,0,0,0,0,0,0,0,0,0,0
GH14-007,FM10,E. flabellare,M,1.22,5.1,1,0,0,0,0,0,0,1,0,0,0,0,0,0,0,0,0,0,0
GH14-007,FM11,E. flabellare,M,1.16,5.2,2,0,0,0,0,0,0,0,0,0,0,0,0,0,0,0,0,0,0
GH14-007,FM12,E. flabellare,M,1.22,5.1,8,0,0,0,0,0,0,0,0,0,0,0,0,0,0,0,0,0,0
GH14-007,FM13,E. flabellare,M,1.38,5,0,0,0,0,0,0,1,0,0,0,0,0,0,0,0,0,0,0,0
GH14-007,FM14,E. flabellare,M,1.38,5.1,3,0,0,0,0,0,4,0,0,0,0,0,0,0,0,0,0,0,0
GH14-007,FM15,E. flabellare,M,1.56,5.1,2,0,0,0,0,0,0,1,0,0,0,0,0,0,0,0,0,0,0
GH14-007,FM16,E. flabellare,M,1.33,5,4,0,0,0,0,0,0,0,0,0,0,0,0,0,0,0,0,0,0
GH14-007,FM17,E. flabellare,M,1.26,4.7,4,0,0,0,0,0,1,0,0,0,0,0,0,0,0,0,0,0,0
GH14-007,FM18,E. flabellare,M,0.82,4.3,1,0,0,0,0,0,0,2,0,0,0,0,0,0,0,0,0,0,0
GH14-007,FM19,E. flabellare,M,0.93,4.5,0,0,0,0,0,0,1,0,0,0,0,0,0,0,0,0,0,0,0
GH14-007,FM20,E. flabellare,M,0.93,4.4,1,0,0,0,0,0,0,0,0,0,0,0,1,0,0,0,0,0,0
GH14-007,FM21,E. flabellare,M,1.14,4.7,4,0,0,0,0,0,0,0,0,0,0,0,0,0,0,0,0,0,0
GH14-007,FM22,E. flabellare,M,0.65,4,1,0,0,0,0,0,1,0,0,0,0,0,0,0,0,0,0,0,0
GH14-007,FM23,E. flabellare,M,0.58,4,1,0,0,0,0,0,0,0,0,0,0,0,0,0,0,0,0,0,0
GH14-007,FM24,E. flabellare,M,0.77,4.2,0,0,0,0,0,0,0,1,0,0,0,0,0,0,0,0,0,0,0
GH14-007,FM25,E. flabellare,M,0.64,3.9,2,0,0,0,0,0,0,0,0,0,0,0,0,0,0,0,0,0,0
GH14-007,FF1,E. flabellare,F,1.95,5.5,10,0,0,0,0,0,1,0,0,0,0,0,0,0,0,0,0,0,0
GH14-007,FF2,E. flabellare,F,1.13,4.8,0,0,0,0,0,0,0,1,0,0,0,0,0,0,0,0,0,0,0
GH14-007,FF3,E. flabellare,F,1.62,5.3,6,0,0,0,0,0,4,0,0,0,0,0,0,0,0,0,0,0,0
GH14-007,FF5,E. flabellare,F,1.64,5.3,12,0,0,0,0,0,0,0,0,0,0,0,0,0,0,0,0,0,0
GH14-007,FF6,E. flabellare,F,1.69,5.5,2,0,0,0,0,0,1,0,0,0,0,0,0,0,0,0,0,0,0
GH14-007,FF7,E. flabellare,F,1.42,4.9,13,0,0,0,0,0,1,0,0,0,0,0,0,0,0,0,0,0,0
GH14-007,FF8,E. flabellare,F,1.28,4.8,1,0,0,0,0,0,1,0,0,0,0,0,2,0,0,0,0,0,0
GH14-007,FF9,E. flabellare,F,0.99,4.7,2,0,0,0,0,0,0,0,0,0,0,0,0,0,0,0,0,0,0
GH14-007,FF10,E. flabellare,F,1.39,4.9,1,0,0,0,0,0,1,0,0,0,0,0,0,0,0,0,0,0,0
GH14-007,FF11,E. flabellare,F,1.28,5,0,0,0,0,0,0,1,0,0,0,0,1,0,0,0,0,0,0,0
GH14-007,FF12,E. flabellare,F,0.86,4.2,17,0,0,0,0,0,0,1,0,0,0,0,0,0,0,0,0,0,0
GH14-007,FF14,E. flabellare,F,1.02,4.4,0,0,0,0,0,0,3,0,0,0,0,0,0,0,0,0,0,0,0
GH14-007,FF15,E. flabellare,F,1.2,4.9,8,0,0,0,0,0,3,0,0,0,0,0,0,0,0,0,0,0,0
GH14-007,FF16,E. flabellare,F,0.67,3.9,5,0,0,0,0,0,0,0,0,0,0,0,0,0,0,0,0,0,0
GH14-007,FF17,E. flabellare,F,0.46,3.5,5,0,0,0,0,0,0,1,0,0,0,0,0,0,0,0,0,0,0
GH14-007,FF18,E. flabellare,F,0.73,4,3,0,0,0,0,0,1,0,0,0,0,0,0,0,0,0,0,0,0
GH14-007,FF19,E. flabellare,F,0.73,4.1,5,0,0,0,0,0,0,0,0,0,0,0,0,0,0,0,0,0,0
GH14-007,FF20,E. flabellare,F,0.6,4,1,0,0,0,0,0,1,0,0,0,0,0,0,0,0,0,0,0,0
GH14-007,FF21,E. flabellare,F,0.52,3.9,0,0,0,0,0,0,1,0,0,0,0,0,0,0,0,0,0,0,0
GH14-007,FF22,E. flabellare,F,0.65,3.9,2,0,0,0,0,0,0,0,0,0,0,0,0,0,0,0,0,0,0
GH14-007,FF23,E. flabellare,F,0.78,4.3,0,0,0,0,0,0,1,0,0,0,0,0,0,0,0,0,0,0,0
GH14-011,FM1,E. flabellare,M,0.95,4.8,4,0,0,0,0,0,2,0,0,0,2,0,0,0,0,0,0,0,0
GH14-011,FM3,E. flabellare,M,0.8,4.6,13,0,0,0,0,0,0,0,0,0,2,0,0,0,0,0,0,0,0
GH14-011,FM4,E. flabellare,M,1.12,4.9,4,0,0,0,0,0,0,0,0,0,1,0,0,0,0,0,0,0,0
GH14-011,FM5,E. flabellare,M,0.87,4.6,31,0,0,0,0,0,0,0,0,0,4,0,0,0,0,0,0,0,0
GH14-011,FM6,E. flabellare,M,0.57,4.1,0,0,0,0,0,0,3,0,0,0,0,0,0,0,0,0,0,0,0
GH14-011,FM7,E. flabellare,M,1.47,5.6,1,0,0,0,0,0,0,0,0,0,10,0,0,0,0,0,0,0,0
GH14-011,FM8,E. flabellare,M,0.92,4.5,7,0,0,0,0,0,1,0,0,0,0,0,0,0,0,0,0,0,0
GH14-011,FF2,E. flabellare,F,0.59,4.2,2,0,0,0,0,0,1,0,0,0,0,0,0,0,0,0,0,0,0
GH14-011,FF3,E. flabellare,F,0.41,3.6,4,0,0,0,0,0,1,0,0,0,0,0,0,0,0,0,0,0,0
GH14-012,FM2,E. flabellare,M,0.89,4.7,0,0,0,0,0,0,2,0,0,0,0,0,0,0,0,0,0,0,0
GH14-012,FM4,E. flabellare,M,1.23,5.2,0,0,0,0,0,0,4,0,0,0,0,0,0,0,0,0,0,0,0
GH14-012,FM6,E. flabellare,M,0.87,4.7,0,0,0,0,0,0,0,1,0,0,0,0,0,0,0,0,0,0,0
GH14-012,FM8,E. flabellare,M,0.53,4.1,0,0,0,0,0,0,1,3,0,0,0,0,0,0,0,0,0,0,0
GH14-012,FF1,E. flabellare,F,1.15,5.1,0,0,0,0,0,0,2,0,0,0,0,0,0,0,0,0,0,0,0
GH14-012,FF4,E. flabellare,F,1.05,4.9,0,0,0,0,0,0,1,0,0,0,0,0,0,0,0,0,0,0,0
GH14-012,FF5,E. flabellare,F,0.51,3.9,1,0,0,0,0,0,3,0,0,0,0,0,0,0,0,0,0,0,0
GH14-012,FF6,E. flabellare,F,0.56,3.9,1,0,0,0,0,0,1,0,0,0,0,0,0,0,0,0,0,0,0
GH14-012,FF7,E. flabellare,F,0.8,4.4,1,0,0,0,0,0,0,0,0,0,0,0,0,0,0,0,0,0,0
GH14-012,FF9,E. flabellare,F,0.64,4,0,0,0,0,0,0,0,1,0,0,0,0,0,0,0,0,0,0,0
GH14-012,FF10,E. flabellare,F,0.55,4,0,0,0,0,0,0,2,0,0,0,0,0,0,0,0,0,0,0,0
GH14-012,FF11,E. flabellare,F,0.44,4,1,0,0,0,0,0,0,0,0,0,0,0,0,0,0,0,0,0,0
GH14-012,FF13,E. flabellare,F,0.62,4.1,1,0,0,0,0,0,1,0,0,0,0,0,0,0,0,0,0,0,0
GH14-012,FF14,E. flabellare,F,0.51,3.9,1,0,0,0,0,0,0,1,0,0,0,0,0,0,0,0,0,0,0
GH14-012,FF15,E. flabellare,F,0.56,4,1,0,0,0,0,0,0,0,0,0,0,0,0,0,0,0,0,0,0
GH14-012,FF16,E. flabellare,F,0.46,4,1,0,0,0,0,0,0,0,0,0,0,0,0,0,0,0,0,0,0
GH14-012,FF17,E. flabellare,F,0.39,3.7,1,0,0,0,0,0,0,1,0,0,0,0,0,0,0,0,0,0,0
GH14-016,FM1,E. flabellare,M,0.95,4.9,2,0,0,0,0,0,4,0,0,0,0,0,0,0,0,0,0,0,0
GH14-016,FF1,E. flabellare,F,0.91,4.8,2,0,0,0,0,0,2,0,0,0,1,0,0,2,0,0,0,0,0
GH14-016,FF2,E. flabellare,F,0.86,4.5,1,0,0,0,0,0,3,0,0,0,0,0,0,0,0,0,0,0,0
GH14-016,FF3,E. flabellare,F,77,4.3,1,0,0,0,0,0,3,0,0,0,0,0,0,0,0,0,0,0,0
GH14-016,FF4,E. flabellare,F,0.96,4.7,0,0,0,0,0,0,0,0,0,0,0,0,0,1,0,0,0,0,0
GH14-016,FF5,E. flabellare,F,1.01,4.9,2,0,0,0,0,0,0,0,0,0,1,0,0,5,0,0,0,0,0
GH14-016,FF6,E. flabellare,F,0.68,4.3,0,0,0,0,0,0,1,0,0,0,4,0,0,1,0,0,0,0,0
GH14-016,FF7,E. flabellare,F,0.63,4.1,1,0,0,0,0,0,3,0,0,0,0,0,0,0,0,0,0,0,0
GH14-016,FF8,E. flabellare,F,0.85,4.6,0,0,0,0,0,0,1,1,0,0,2,0,0,1,0,0,0,0,0
GH14-016,FF9,E. flabellare,F,0.76,4.6,1,0,0,0,0,0,2,1,0,0,0,0,0,0,0,0,0,0,0
GH14-016,FF10,E. flabellare,F,0.58,4.2,1,0,0,0,0,0,2,0,0,0,0,0,0,0,0,0,0,0,0
GH14-001,SM1,E.spectabile,M,4.34,6.7,4,0,0,0,0,0,0,0,0,0,0,0,0,0,0,0,0,0,0
GH14-001,SM2,E.spectabile,M,3.5,6.5,18,0,0,0,0,0,13,0,0,0,1,0,0,0,0,0,0,0,0
GH14-001,SM3,E.spectabile,M,1.43,5.2,24,0,0,0,0,0,0,0,0,0,1,0,0,0,0,0,0,0,0
GH14-001,SM4,E.spectabile,M,2.38,5.9,108,0,0,0,0,0,3,0,0,0,0,0,0,0,0,0,0,0,0
GH14-001,SM5,E.spectabile,M,2.67,5.8,34,0,0,0,0,0,1,0,0,0,0,0,0,0,0,0,0,0,0
GH14-001,SM6,E.spectabile,M,3.56,5.6,88,0,0,0,0,0,2,0,0,0,0,0,0,0,0,0,1,0,0
GH14-001,SM7,E.spectabile,M,1.34,4.8,3,0,0,0,0,0,0,0,0,0,0,0,0,0,0,0,0,0,0
GH14-001,SM8,E.spectabile,M,0.84,4.3,6,0,0,0,0,0,2,0,0,0,0,0,0,0,0,0,0,0,0
GH14-001,SM9,E.spectabile,M,2.69,6,4,0,0,0,0,0,0,0,0,0,0,0,0,0,0,0,0,0,0
GH14-001,SM11,E.spectabile,M,1.17,4.9,16,0,0,0,0,0,0,0,0,0,0,0,0,0,0,0,0,0,0
GH14-001,SM12,E.spectabile,M,2.42,5.9,14,0,0,0,0,0,1,0,0,0,1,0,0,0,0,0,0,0,0
GH14-001,SM13,E.spectabile,M,2.87,6.1,9,0,0,0,0,0,1,0,0,0,0,1,0,0,0,0,0,0,0
GH14-001,SM14,E.spectabile,M,1.95,5.6,10,0,0,0,0,0,0,0,0,0,0,0,0,0,0,0,0,0,0
GH14-001,SM15,E.spectabile,M,1.12,4.6,1,0,0,0,0,0,0,0,0,0,0,0,0,0,0,0,0,0,0
GH14-001,SM16,E.spectabile,M,1.02,4.6,15,0,0,0,0,0,1,0,0,0,0,0,0,0,0,0,0,0,0
GH14-001,SM18,E.spectabile,M,0.79,4.4,10,0,0,0,0,0,2,0,0,0,0,0,0,0,0,0,0,0,0
GH14-001,SM19,E.spectabile,M,0.8,4.3,12,0,0,0,0,0,2,0,0,0,0,0,0,0,0,0,0,0,0
GH14-001,SM20,E.spectabile,M,0.96,4.5,15,0,0,0,0,0,0,0,0,0,0,0,0,0,0,0,0,0,0
GH14-001,SM21,E.spectabile,M,0.4,3.8,4,0,0,0,0,0,0,0,0,0,0,0,0,0,0,0,0,0,0
GH14-001,SF1,E.spectabile,F,2.63,6,45,0,0,0,0,0,1,0,0,0,0,0,0,0,0,0,1,5,0
GH14-001,SF3,E.spectabile,F,1.43,4.8,7,0,0,0,0,0,0,1,0,0,0,0,0,0,0,0,0,0,0
GH14-001,SF4,E.spectabile,F,1.19,4.9,2,0,0,0,0,0,0,0,0,0,0,0,0,0,0,0,0,0,0
GH14-001,SF5,E.spectabile,F,0.89,4.2,12,0,0,0,0,0,0,1,0,0,0,0,0,0,0,0,0,0,0
GH14-001,SF6,E.spectabile,F,1.57,4.9,107,0,0,0,0,0,4,0,0,0,0,0,0,0,0,0,0,0,0
GH14-001,SF7,E.spectabile,F,1.03,4.3,21,0,0,0,0,0,1,0,0,0,0,0,0,0,0,0,0,0,0
GH14-001,SF8,E.spectabile,F,1.12,4.6,8,0,0,0,0,0,0,0,0,0,0,0,0,0,0,0,0,0,0
GH14-001,SF9,E.spectabile,F,1.24,4.6,53,0,0,0,0,0,0,0,0,0,1,0,0,0,0,0,0,0,0
GH14-001,SF10,E.spectabile,F,2.39,5.6,16,0,0,0,0,0,2,0,0,0,0,1,0,0,0,0,1,0,0
GH14-001,SF11,E.spectabile,F,0.91,4.2,5,0,0,0,0,0,0,0,0,0,0,0,0,0,0,0,0,0,0
GH14-001,SF12,E.spectabile,F,0.96,4.4,1,0,0,0,0,0,2,0,0,0,0,0,0,0,0,0,0,0,0
GH14-001,SF13,E.spectabile,F,0.64,4,26,0,0,0,0,0,0,0,0,0,1,0,0,0,0,0,0,0,0
GH14-001,SF14,E.spectabile,F,0.53,3.9,4,0,0,0,0,0,0,0,0,0,0,0,0,0,0,0,0,0,0
GH14-001,SF15,E.spectabile,F,0.49,3.9,31,0,0,0,0,0,0,0,0,0,0,0,0,0,0,0,0,0,0
GH14-001,SF16,E.spectabile,F,1.18,4.6,0,0,0,0,0,0,2,1,0,0,1,0,0,0,0,0,0,0,0
GH14-003,SM1,E.spectabile,M,0.55,4,3,0,0,0,0,0,1,0,0,0,0,0,0,0,0,0,0,0,0
GH14-003,SM2,E.spectabile,M,2.59,5.8,0,0,0,0,0,0,0,2,0,0,0,0,0,0,0,0,0,0,0
GH14-003,SM3,E.spectabile,M,1.44,5.1,0,0,0,0,0,0,0,0,0,0,0,0,0,0,0,3,0,0,0
GH14-003,SM4,E.spectabile,M,3.09,6.3,0,0,0,0,0,0,0,0,0,0,0,0,0,0,0,2,0,0,0
GH14-003,SM6,E.spectabile,M,1.87,5.4,13,0,0,0,0,0,2,1,0,0,0,0,0,0,0,0,0,0,0
GH14-003,SM7,E.spectabile,M,3.04,6.3,2,0,0,0,0,0,0,1,0,0,0,0,0,0,0,0,0,0,0
GH14-003,SM9,E.spectabile,M,2.21,5.8,0,0,0,0,0,0,0,0,0,0,0,0,0,0,0,1,0,0,0
GH14-003,SM10,E.spectabile,M,2.29,6,0,0,0,0,0,0,1,0,0,0,0,0,0,0,0,3,0,0,0
GH14-003,SM11,E.spectabile,M,3.21,6.5,0,0,0,0,0,0,0,0,0,0,0,0,0,0,0,2,1,0,0
GH14-003,SM13,E.spectabile,M,2.32,5.8,0,0,0,0,0,0,0,0,0,0,1,0,0,0,0,0,0,0,0
GH14-003,SM15,E.spectabile,M,1.45,4.9,0,0,0,0,0,0,0,0,0,0,0,0,0,0,0,2,0,0,0
GH14-003,SM16,E.spectabile,M,1.24,4.9,0,0,0,0,0,0,0,0,0,0,0,0,0,0,0,7,0,0,0
GH14-003,SM17,E.spectabile,M,3.67,6.8,0,0,0,0,0,0,0,1,0,0,0,0,0,0,0,0,0,0,0
GH14-003,SM18,E.spectabile,M,2.02,5.6,1,0,0,0,0,0,0,0,0,0,0,0,0,0,0,2,0,0,0
GH14-003,SM19,E.spectabile,M,3.07,6.1,1,0,0,0,0,0,1,0,0,0,0,0,0,0,0,0,0,0,0
GH14-003,SM20,E.spectabile,M,2.56,5.9,0,0,0,0,0,0,0,0,0,0,0,0,0,0,0,1,0,0,0
GH14-003,SM21,E.spectabile,M,0.97,4.5,7,0,0,0,0,0,0,0,0,1,0,0,0,0,0,0,0,0,0
GH14-003,SM22,E.spectabile,M,1.06,4.5,0,0,0,0,0,0,0,1,0,0,0,0,0,0,0,0,0,0,0
GH14-003,SM23,E.spectabile,M,2.1,5.4,0,0,0,0,0,0,0,0,0,0,0,1,0,0,0,0,0,0,0
GH14-003,SM24,E.spectabile,M,0.82,4.4,0,0,0,0,0,0,0,0,0,0,0,0,0,0,0,1,0,0,0
GH14-003,SM25,E.spectabile,M,0.62,4.1,0,0,0,0,0,0,0,0,0,0,0,0,0,0,0,1,0,0,0
GH14-003,SM27,E.spectabile,M,0.73,4.1,4,0,0,0,0,0,0,0,0,0,0,0,0,0,0,0,0,0,0
GH14-003,SM28,E.spectabile,M,0.67,4.1,1,0,0,0,0,0,0,0,0,0,0,0,0,0,0,0,0,0,0
GH14-003,SM29,E.spectabile,M,0.64,4,4,0,0,0,0,0,1,0,0,0,0,0,0,0,0,0,0,0,0
GH14-003,SM30,E.spectabile,M,0.78,4.3,4,0,0,0,0,0,1,0,0,0,0,0,0,0,0,5,0,0,0
GH14-003,SM31,E.spectabile,M,0.49,3.8,1,0,0,0,0,0,0,0,0,0,0,1,0,0,0,0,0,0,0
GH14-003,SM33,E.spectabile,M,0.73,4.1,0,0,0,0,0,0,0,0,0,0,0,0,0,0,0,1,0,0,0
GH14-003,SF1,E.spectabile,F,3.19,6.1,0,0,0,0,0,0,0,2,0,0,0,0,0,0,0,0,0,0,0
GH14-003,SF2,E.spectabile,F,1.74,5.4,1,0,0,0,0,0,0,0,0,0,0,0,0,0,0,0,0,0,0
GH14-003,SF3,E.spectabile,F,1.98,5,1,0,0,0,0,0,1,3,0,0,0,0,0,0,0,0,0,0,0
GH14-003,SF4,E.spectabile,F,1.96,5.2,45,0,0,0,0,0,0,3,0,0,0,0,0,0,0,0,0,0,2
GH14-003,SF5,E.spectabile,F,0.89,4.2,0,0,0,0,0,0,0,2,0,0,0,0,0,0,0,0,0,0,0
GH14-003,SF7,E.spectabile,F,2.19,5.5,21,0,0,0,0,0,3,0,0,0,0,0,0,0,0,0,0,0,0
GH14-003,SF8,E.spectabile,F,2.69,5.7,0,0,0,0,0,0,2,2,0,0,0,0,0,0,0,0,0,0,0
GH14-003,SF9,E.spectabile,F,2.02,5.2,0,0,0,0,0,0,0,2,0,0,0,0,0,0,0,0,0,0,0
GH14-003,SF10,E.spectabile,F,1.41,5.1,11,0,0,0,0,0,1,1,0,0,0,0,0,0,0,0,0,0,0
GH14-003,SF11,E.spectabile,F,0.89,4.4,1,0,0,0,0,0,0,1,0,0,0,0,0,0,0,0,0,0,0
GH14-003,SF12,E.spectabile,F,2.13,5.5,5,0,0,0,0,0,2,1,0,0,0,0,0,0,0,0,0,0,0
GH14-003,SF13,E.spectabile,F,2.29,5.7,0,0,0,0,0,0,0,2,0,0,0,0,0,0,0,0,0,0,0
GH14-003,SF14,E.spectabile,F,1.01,4.3,0,0,0,0,0,0,0,2,0,0,0,0,0,0,0,0,0,0,0
GH14-003,SF15,E.spectabile,F,1.85,5.4,0,0,0,0,0,0,1,2,0,0,0,0,0,0,0,0,0,0,0
GH14-003,SF16,E.spectabile,F,0.74,3.9,52,0,0,0,0,0,2,2,0,0,0,0,0,0,0,0,0,2,0
GH14-003,SF18,E.spectabile,F,0.7,4.1,2,0,0,0,0,0,2,0,0,0,0,0,0,0,0,0,0,3,0
GH14-003,SF19,E.spectabile,F,0.92,4.5,1,0,0,0,0,0,0,0,0,0,0,0,0,0,0,0,0,0,0
GH14-003,SF20,E.spectabile,F,0.5,3.8,0,0,0,0,0,0,1,0,0,0,0,0,0,0,0,0,0,0,0
GH14-004,SM1,E.spectabile,M,1.17,4.8,0,0,0,0,0,0,1,0,0,0,0,0,0,0,0,0,0,0,0
GH14-004,SM2,E.spectabile,M,0.71,4.2,0,0,0,0,0,0,4,0,0,0,0,0,0,0,0,0,0,0,0
GH14-004,SM3,E.spectabile,M,1.31,4.9,0,0,0,0,0,0,1,0,0,0,0,0,0,0,0,4,0,0,0
GH14-004,SM4,E.spectabile,M,0.82,4.3,0,0,0,0,0,0,2,0,0,0,0,0,0,0,0,0,0,0,0
GH14-004,SM5,E.spectabile,M,0.88,4.5,4,0,0,0,0,0,0,0,0,0,0,0,0,0,0,0,0,0,0
GH14-004,SM6,E.spectabile,M,1.31,5,1,0,0,0,0,0,4,0,0,0,0,0,0,0,0,0,0,0,0
GH14-004,SM9,E.spectabile,M,3.94,6.5,0,0,0,0,0,0,0,0,0,0,0,6,0,0,0,0,0,0,0
GH14-004,SM10,E.spectabile,M,4.6,5.2,0,0,0,0,0,0,3,0,0,0,0,0,0,0,0,0,0,0,0
GH14-004,SM11,E.spectabile,M,1.04,4.6,0,0,0,0,0,0,3,0,0,0,0,0,0,0,0,0,0,0,0
GH14-004,SM12,E.spectabile,M,0.95,4.4,0,0,0,0,0,0,4,0,0,0,0,0,0,0,0,0,0,0,0
GH14-004,SM13,E.spectabile,M,0.76,4.1,0,0,0,0,0,0,0,0,0,0,0,2,0,0,0,0,0,0,0
GH14-004,SM14,E.spectabile,M,1.19,4.8,0,0,0,0,0,0,0,0,0,0,0,1,0,0,0,0,0,0,0
GH14-004,SM15,E.spectabile,M,1.06,4.6,0,0,0,0,0,0,0,0,0,0,0,3,0,0,0,0,0,0,0
GH14-004,SM16,E.spectabile,M,0.74,4.1,0,0,0,0,0,0,1,0,0,0,0,1,0,0,0,0,0,0,0
GH14-004,SM17,E.spectabile,M,0.92,4.5,2,0,0,0,0,0,0,0,0,0,0,0,0,0,0,0,0,0,0
GH14-004,SM18,E.spectabile,M,0.73,4,0,0,0,0,0,0,0,0,0,0,0,1,0,0,0,0,0,0,0
GH14-004,SM19,E.spectabile,M,1.16,4.8,2,0,0,0,0,0,0,0,0,0,0,0,0,0,0,0,0,0,0
GH14-004,SM20,E.spectabile,M,1.21,4.7,0,0,0,0,0,0,1,0,0,0,0,1,0,0,0,0,0,0,0
GH14-004,SM21,E.spectabile,M,0.86,4.6,1,0,0,0,0,0,0,0,0,0,0,0,0,0,0,0,0,0,0
GH14-004,SM22,E.spectabile,M,0.85,4.3,2,0,0,0,0,0,2,0,0,0,0,1,0,0,0,0,0,0,0
GH14-004,SM24,E.spectabile,M,1.1,4.6,1,0,0,0,0,0,0,0,0,0,0,0,0,0,0,3,0,0,0
GH14-004,SM26,E.spectabile,M,0.54,3.8,0,0,0,0,0,0,1,0,0,0,0,1,0,0,0,0,0,0,0
GH14-004,SF1,E.spectabile,F,2,5.5,1,0,0,0,0,0,2,0,0,0,0,0,0,0,0,0,0,0,0
GH14-004,SF2,E.spectabile,F,3.5,6.8,0,0,0,0,0,0,1,0,0,0,0,0,0,0,0,0,0,0,0
GH14-004,SF3,E.spectabile,F,2.89,6.8,11,0,0,0,0,0,2,0,0,0,0,0,0,0,3,0,0,0,0
GH14-004,SF4,E.spectabile,F,1.15,4.7,1,0,0,0,0,0,1,0,0,0,0,0,0,0,0,0,0,0,0
GH14-004,SF5,E.spectabile,F,2.83,6.2,6,0,0,0,0,0,3,0,0,0,0,0,0,0,4,0,0,0,0
GH14-004,SF6,E.spectabile,F,2.9,6.4,6,0,0,0,0,0,1,0,0,0,0,0,0,0,0,0,0,0,0
GH14-004,SF7,E.spectabile,F,3.38,6.7,3,0,0,0,0,0,0,0,0,0,0,0,0,0,0,0,0,0,0
GH14-004,SF8,E.spectabile,F,1.65,5.2,18,0,0,0,0,0,1,0,0,0,0,0,0,0,0,0,0,0,0
GH14-004,SF9,E.spectabile,F,2.42,6,0,0,0,0,0,0,1,0,0,0,0,0,0,0,0,0,0,0,0
GH14-004,SF10,E.spectabile,F,0.89,4.5,1,0,0,0,0,0,1,0,0,0,0,0,0,0,0,0,0,0,0
GH14-004,SF12,E.spectabile,F,1.07,4.5,2,0,0,0,0,0,0,0,0,0,0,0,0,0,0,0,0,0,0
GH14-004,SF13,E.spectabile,F,1.5,5.1,0,0,0,0,0,0,1,0,0,0,0,0,0,0,0,0,0,0,0
GH14-004,SF15,E.spectabile,F,0.95,4.4,0,0,0,0,0,0,2,0,0,0,0,0,0,0,0,0,0,0,0
GH14-004,SF16,E.spectabile,F,0.81,4.3,0,0,0,0,0,0,1,0,0,0,0,0,0,0,0,0,0,0,0
GH14-004,SF17,E.spectabile,F,0.69,4,2,0,0,0,0,0,0,0,0,0,0,0,0,0,1,0,0,0,0
GH14-004,SF18,E.spectabile,F,0.71,4,0,0,0,0,0,0,2,0,0,0,0,0,0,0,0,0,0,0,0
GH14-004,SF19,E.spectabile,F,0.78,4.3,3,0,0,0,0,0,3,0,0,0,0,0,0,0,0,0,0,0,0
GH14-005,SM1,E.spectabile,M,1.69,5.4,11,0,0,0,0,0,0,0,0,0,0,0,0,0,0,0,0,0,0
GH14-005,SM2,E.spectabile,M,2.2,5.8,0,0,0,0,0,0,0,0,0,0,0,0,0,0,0,0,0,0,1
GH14-005,SM3,E.spectabile,M,1.63,5.2,7,0,0,0,0,0,0,1,0,0,0,0,0,0,0,0,0,0,0
GH14-005,SM8,E.spectabile,M,1.48,5.2,0,0,0,0,0,0,0,0,0,0,0,0,0,0,0,0,0,0,3
GH14-005,SM9,E.spectabile,M,2.05,5.5,34,0,0,0,0,0,0,0,0,0,0,0,0,0,0,0,0,0,2
GH14-005,SM10,E.spectabile,M,2.71,6.2,2,0,0,0,0,0,0,0,0,0,0,0,0,0,0,0,0,1,2
GH14-005,SM11,E.spectabile,M,1.53,5.3,4,0,0,0,0,0,0,0,0,0,0,0,0,0,0,0,0,0,0
GH14-005,SM12,E.spectabile,M,1.57,5.5,7,0,0,0,0,0,0,0,0,0,0,0,0,0,0,0,0,0,0
GH14-005,SM14,E.spectabile,M,1.79,5.4,5,0,0,0,0,0,0,0,0,0,0,0,0,0,0,0,0,0,0
GH14-005,SF1,E.spectabile,F,2.4,6.1,0,0,0,0,0,0,0,0,0,0,0,0,0,0,0,0,0,0,2
GH14-005,SF2,E.spectabile,F,1.63,5.4,1,0,0,0,0,0,1,0,0,0,0,0,0,0,0,0,0,0,0
GH14-005,SF4,E.spectabile,F,1.78,5.9,7,0,0,0,0,0,0,0,0,0,0,0,0,0,0,0,0,1,0
GH14-005,SF5,E.spectabile,F,1.85,5.6,2,0,0,0,0,0,0,0,0,0,0,0,0,1,0,0,1,1,0
GH14-005,SF6,E.spectabile,F,1.88,5.6,18,0,0,0,0,0,0,0,0,0,0,0,0,1,0,0,0,0,0
GH14-005,SF7,E.spectabile,F,1.64,5.3,19,0,0,0,0,0,0,0,0,0,0,0,0,0,0,0,0,0,0
GH14-005,SF8,E.spectabile,F,1.8,5.7,16,0,0,0,0,0,0,0,0,0,0,1,0,0,0,0,0,0,2
GH14-005,SF9,E.spectabile,F,1.51,5.3,16,0,0,0,0,0,0,0,0,0,0,0,0,0,0,0,0,0,1
GH14-005,SF10,E.spectabile,F,1.8,5.4,0,0,0,0,0,0,2,1,0,0,0,0,0,0,0,0,0,0,0
GH14-005,SF11,E.spectabile,F,2.42,5.9,3,0,0,0,0,0,0,0,0,0,0,0,0,0,0,0,2,0,1
GH14-005,SF12,E.spectabile,F,2.15,6.3,22,0,0,0,0,0,14,0,0,0,0,0,0,0,0,0,0,0,0
GH14-005,SF13,E.spectabile,F,1.46,5.3,59,0,0,0,0,0,1,3,0,0,0,0,0,0,0,0,0,1,0
GH14-006,SM1,E.spectabile,M,3.62,7,22,0,0,0,0,0,0,0,0,0,0,0,0,0,0,0,0,0,0
GH14-006,SM2,E.spectabile,M,4.3,7,82,0,0,0,0,0,0,0,0,0,0,0,0,0,0,0,1,0,2
GH14-006,SM3,E.spectabile,M,1.71,5.4,35,0,0,0,0,0,0,0,0,0,0,0,0,0,0,0,0,0,0
GH14-006,SM4,E.spectabile,M,5.09,7.2,0,0,0,0,0,0,0,1,0,0,0,0,0,0,0,0,0,0,0
GH14-006,SM5,E.spectabile,M,4.98,7.5,4,0,0,0,0,0,0,0,0,0,0,0,0,0,0,0,0,0,0
GH14-006,SM7,E.spectabile,M,2.68,6.3,1,0,0,0,0,0,1,0,0,0,0,0,0,0,0,0,0,0,0
GH14-006,SM9,E.spectabile,M,1.86,5.6,1,0,0,0,0,0,0,0,0,0,0,0,0,0,0,0,0,0,0
GH14-006,SM10,E.spectabile,M,3.85,6.8,100,0,0,0,0,0,0,0,0,0,0,0,0,0,0,0,0,0,0
GH14-006,SM11,E.spectabile,M,1.08,4.9,0,0,0,0,0,0,2,0,1,0,0,0,0,0,0,0,0,0,0
GH14-006,SM12,E.spectabile,M,2.98,6.4,27,0,0,0,0,0,0,0,0,0,0,0,0,0,0,0,0,0,0
GH14-006,SM13,E.spectabile,M,2.55,6.1,10,0,0,0,0,0,2,0,0,0,0,0,0,0,0,0,0,0,0
GH14-006,SM14,E.spectabile,M,1.33,4.9,15,0,0,0,0,0,0,0,0,0,0,0,0,0,0,0,0,0,0
GH14-006,SM15,E.spectabile,M,1,4.5,22,0,0,0,0,0,0,0,0,0,0,0,0,0,0,0,0,0,0
GH14-006,SM16,E.spectabile,M,0.8,4.3,13,0,0,0,0,0,0,0,0,0,0,0,0,0,0,0,0,0,0
GH14-006,SM17,E.spectabile,M,0.97,4.5,24,0,0,0,0,0,0,0,0,0,0,0,0,0,0,0,0,0,0
GH14-006,SM18,E.spectabile,M,0.65,4.1,3,0,0,0,0,0,0,0,0,0,0,0,0,0,0,0,0,0,0
GH14-006,SF1,E.spectabile,F,3.72,6.5,3,0,0,0,0,0,0,0,0,0,0,0,0,0,0,0,0,0,0
GH14-006,SF2,E.spectabile,F,1.99,5.6,15,0,0,0,0,0,0,1,0,0,0,0,0,0,0,0,0,0,0
GH14-006,SF3,E.spectabile,F,1.43,5,5,0,0,0,0,0,0,1,0,0,0,0,0,0,0,0,0,0,0
GH14-006,SF4,E.spectabile,F,2.59,6.2,14,0,0,0,0,0,0,6,0,0,0,0,0,0,0,0,0,0,0
GH14-006,SF5,E.spectabile,F,2.23,5.8,42,0,0,0,0,0,0,0,0,0,0,0,0,0,0,0,0,2,0
GH14-006,SF6,E.spectabile,F,2.91,6.2,3,0,0,0,0,0,0,0,0,0,0,0,0,0,0,0,0,0,0
GH14-006,SF7,E.spectabile,F,3.12,6.6,3,0,0,0,0,0,0,0,0,0,0,0,0,0,0,1,0,0,0
GH14-006,SF8,E.spectabile,F,1.92,5.7,27,0,0,0,0,0,1,0,0,0,0,0,0,0,0,0,0,0,0
GH14-006,SF9,E.spectabile,F,2.26,6.1,46,0,0,0,0,0,1,2,0,0,0,0,0,0,0,0,0,0,0
GH14-006,SF10,E.spectabile,F,0.98,4.4,9,0,0,0,0,0,0,0,0,0,0,0,0,0,0,0,0,0,0
GH14-006,SF11,E.spectabile,F,2.64,6.1,22,0,0,0,0,0,0,0,0,0,1,0,0,0,0,0,0,0,0
GH14-006,SF12,E.spectabile,F,2.45,5.8,6,0,0,0,0,0,0,1,0,0,0,0,0,0,0,0,0,0,0
GH14-006,SF13,E.spectabile,F,3.01,6.1,7,0,0,0,0,0,0,0,0,0,0,0,0,0,0,0,0,0,0
GH14-006,SF14,E.spectabile,F,1.49,5.1,0,0,0,0,0,0,0,2,0,0,0,0,0,0,0,0,0,0,0
GH14-007,SM1,E.spectabile,M,0.69,4,2,0,0,0,0,0,0,0,0,0,0,0,0,0,0,0,0,0,0
GH14-007,SM2,E.spectabile,M,1.36,5,10,0,0,0,0,0,0,0,0,0,0,0,0,0,0,0,0,0,0
GH14-007,SM3,E.spectabile,M,1.07,4.6,2,0,0,0,0,0,1,0,0,0,0,0,0,0,0,0,0,0,0
GH14-007,SM4,E.spectabile,M,1.48,5.2,2,0,0,0,0,0,1,1,0,0,0,0,0,0,0,0,0,0,0
GH14-007,SM6,E.spectabile,M,1.05,4.6,0,0,0,0,0,0,0,0,0,0,1,0,0,0,0,0,0,0,0
GH14-007,SM7,E.spectabile,M,1.12,4.7,4,0,0,0,0,0,3,1,0,0,0,0,0,0,0,1,0,0,0
GH14-007,SM8,E.spectabile,M,0.86,4.4,5,0,0,0,0,0,0,0,0,0,0,0,0,0,0,0,0,0,0
GH14-007,SM9,E.spectabile,M,1.62,5.2,1,0,0,0,0,0,0,0,0,0,0,0,0,0,0,0,0,3,0
GH14-007,SM10,E.spectabile,M,1.24,4.8,27,0,0,0,0,0,0,0,0,0,0,0,0,0,0,0,0,0,0
GH14-007,SM11,E.spectabile,M,0.68,4.1,4,0,0,0,0,0,0,0,0,0,0,0,0,0,0,0,0,0,0
GH14-007,SM12,E.spectabile,M,0.99,4.6,8,0,0,0,0,0,1,0,0,0,0,0,0,0,0,0,0,0,0
GH14-007,SM13,E.spectabile,M,1.04,4.4,6,0,0,0,0,0,0,0,0,0,0,0,0,0,0,0,0,0,0
GH14-007,SM14,E.spectabile,M,0.8,4.3,1,0,0,0,0,0,1,0,0,0,0,0,0,0,0,0,0,0,0
GH14-007,SM15,E.spectabile,M,0.8,4.2,1,0,0,0,0,0,0,0,0,0,0,1,0,0,0,0,0,1,0
GH14-007,SM16,E.spectabile,M,1.17,4.8,1,0,0,0,0,0,0,2,0,0,0,0,0,0,0,0,0,0,0
GH14-007,SM17,E.spectabile,M,0.81,4.4,4,0,0,0,0,0,1,0,0,0,0,0,0,0,0,0,0,0,0
GH14-007,SM18,E.spectabile,M,0.57,3.9,3,0,0,0,0,0,0,0,0,0,0,0,0,0,0,0,0,0,0
GH14-007,SM19,E.spectabile,M,0.85,4.3,3,0,0,0,0,0,0,0,0,0,0,0,0,0,0,0,0,0,2
GH14-007,SM20,E.spectabile,M,0.77,4.2,4,0,0,0,0,0,0,0,0,0,0,0,0,0,0,0,0,0,0
GH14-007,SF1,E.spectabile,F,0.58,3.8,3,0,0,0,0,0,0,0,0,0,0,0,0,0,0,0,0,0,0
GH14-007,SF2,E.spectabile,F,1.03,4.5,12,0,0,0,0,0,0,0,0,0,0,0,0,0,0,0,0,0,0
GH14-007,SF4,E.spectabile,F,1.17,4.6,4,0,0,0,0,0,0,0,0,0,0,0,0,0,0,0,0,0,0
GH14-007,SF5,E.spectabile,F,2.64,5.8,64,0,0,0,0,0,0,0,0,0,0,0,0,0,0,0,0,0,0
GH14-007,SF6,E.spectabile,F,0.86,4.1,1,0,0,0,0,0,2,0,0,0,0,0,0,0,0,0,0,0,0
GH14-007,SF7,E.spectabile,F,0.82,4.2,15,0,0,0,0,0,1,0,0,0,0,0,0,0,0,0,0,0,0
GH14-007,SF8,E.spectabile,F,1.5,5,54,0,0,0,0,0,1,0,0,0,1,0,0,0,0,0,0,0,0
GH14-007,SF9,E.spectabile,F,0.68,3.9,5,0,0,0,0,0,2,0,0,0,0,0,0,0,0,0,0,0,0
GH14-007,SF10,E.spectabile,F,0.67,4.9,8,0,0,0,0,0,0,0,0,0,0,0,0,0,0,0,0,0,0
GH14-007,SF11,E.spectabile,F,1.42,4.4,5,0,0,0,0,0,0,0,0,0,0,0,0,0,0,0,0,0,0
GH14-007,SF12,E.spectabile,F,0.97,4.1,6,0,0,0,0,0,1,0,0,0,1,0,0,0,0,0,0,0,0
GH14-007,SF13,E.spectabile,F,0.12,4,3,0,0,0,0,0,1,0,0,0,0,0,0,0,0,0,0,0,0
GH14-007,SF14,E.spectabile,F,0.83,4.1,9,0,0,0,0,0,0,0,0,0,0,0,0,0,0,0,0,0,0
GH14-007,SF15,E.spectabile,F,1.2,4.7,0,0,0,0,0,0,0,1,0,0,1,0,0,0,0,0,0,0,0
GH14-007,SF16,E.spectabile,F,1.25,4.8,1,0,0,0,0,0,1,0,0,0,0,0,0,0,0,0,0,0,0
GH14-007,SF17,E.spectabile,F,0.65,4.1,2,0,0,0,0,0,1,0,0,0,0,0,0,0,0,0,0,0,0
GH14-007,SF18,E.spectabile,F,0.76,4.3,48,0,0,0,0,0,1,0,0,0,0,0,0,0,0,0,0,0,0
GH14-007,SF19,E.spectabile,F,2.95,6.9,5,0,0,0,0,0,1,0,0,0,0,0,0,0,0,0,0,0,0
GH14-007,SF20,E.spectabile,F,2.94,4.3,56,0,0,0,0,0,3,0,0,0,0,3,0,0,0,0,0,0,0
GH14-011,SM1,E.spectabile,M,1.06,5.1,3,0,0,0,0,0,2,0,0,0,1,0,0,0,0,0,0,0,0
GH14-011,SM2,E.spectabile,M,0.38,3.9,0,0,0,0,0,0,2,0,0,0,0,0,0,0,0,0,0,0,0
GH14-011,SM3,E.spectabile,M,0.58,4.2,0,0,0,0,0,0,2,0,0,0,0,0,0,0,0,0,0,0,0
GH14-011,SM4,E.spectabile,M,0.59,4.2,2,0,0,0,0,0,2,0,0,0,0,0,0,0,0,0,0,0,0
GH14-011,SM5,E.spectabile,M,0.36,3.7,0,0,0,0,0,0,1,0,0,0,0,0,0,0,0,0,0,0,0
GH14-011,SM6,E.spectabile,M,0.44,3.9,2,0,0,0,0,0,0,0,0,0,0,0,0,0,0,0,0,0,0
GH14-011,SM7,E.spectabile,M,0.45,3.8,0,0,0,0,0,0,1,0,0,0,0,0,0,0,0,0,0,0,0
GH14-011,SF1,E.spectabile,F,0.62,4.1,3,0,0,0,0,0,3,0,0,0,0,0,0,0,0,0,0,0,0
GH14-012,SM1,E.spectabile,M,0.68,4.1,1,0,0,0,0,0,2,0,0,0,0,0,0,0,0,0,0,0,0
GH14-012,SM3,E.spectabile,M,0.99,4.8,1,0,0,0,0,0,0,0,0,0,0,0,0,0,0,0,0,0,0
GH14-012,SM4,E.spectabile,M,0.44,4,1,0,0,0,0,0,0,0,0,0,0,0,0,0,0,0,0,0,0
GH14-012,SM5,E.spectabile,M,0.5,4.2,3,0,0,0,0,0,2,0,0,0,0,0,0,0,0,0,0,0,0
GH14-012,SM7,E.spectabile,M,0.78,4.6,0,0,0,0,0,0,0,0,0,0,0,0,0,1,0,0,0,0,0
GH14-012,SM8,E.spectabile,M,0.63,4.2,2,0,0,0,0,0,2,0,0,0,0,0,0,0,0,0,0,0,0
GH14-012,SM9,E.spectabile,M,0.42,3.9,1,0,0,0,0,0,0,0,0,0,0,0,0,0,0,0,0,0,0
GH14-012,SM10,E.spectabile,M,0.35,3.6,0,0,0,0,0,0,1,0,0,0,0,0,0,0,0,0,0,0,0
GH14-012,SF5,E.spectabile,F,0.33,2,4,0,0,0,0,0,0,0,0,0,0,0,0,0,0,0,0,1,0
GH14-012,SF6,E.spectabile,F,0.35,1.8,2,0,0,0,0,0,1,0,0,0,0,0,0,0,0,0,0,0,0
GH14-012,SF7,E.spectabile,F,0.38,1.6,0,0,0,0,0,0,0,0,0,0,1,0,0,0,0,0,0,0,0
GH14-016,SM1,E.spectabile,M,0.76,4.3,1,0,0,0,0,0,1,0,0,0,1,0,0,0,0,0,0,0,0
GH14-016,SM5,E.spectabile,M,0.62,4.1,0,0,0,0,0,0,0,0,0,0,0,0,0,1,0,0,0,0,0
GH14-016,SM6,E.spectabile,M,1.14,4.9,2,0,0,0,0,0,2,0,0,0,0,0,0,3,0,0,0,0,0
GH14-016,SM7,E.spectabile,M,0.81,4.5,2,0,0,0,0,0,2,0,0,0,0,0,0,0,0,0,0,0,0
GH14-016,SM8,E.spectabile,M,1.14,4.8,1,0,0,0,0,0,1,0,0,0,0,0,0,1,0,0,0,0,1
GH14-016,SM9,E.spectabile,M,0.55,4,1,0,0,0,0,0,0,0,0,0,0,0,0,0,0,0,0,0,0
GH14-016,SM10,E.spectabile,M,0.73,4.4,3,0,0,0,0,0,0,0,0,0,0,0,0,1,0,0,0,0,0
GH14-016,SM11,E.spectabile,M,0.85,4.5,3,0,0,0,0,0,0,0,0,0,0,0,0,1,0,0,0,0,0
GH14-016,SM12,E.spectabile,M,0.48,3.7,9,0,0,0,0,0,1,0,0,0,0,0,0,0,0,0,0,0,0
GH14-016,SM14,E.spectabile,M,0.92,4.6,5,0,0,0,0,0,11,0,0,0,0,0,0,0,0,0,0,0,0
GH14-016,SM16,E.spectabile,M,1.03,4.7,0,0,0,0,0,0,1,0,0,0,0,0,0,0,0,0,0,0,0
GH14-016,SM18,E.spectabile,M,0.39,1.6,2,0,0,0,0,0,0,0,0,0,0,0,0,0,0,0,0,0,0
GH14-016,SF1,E.spectabile,F,0.86,4.6,0,0,0,0,0,0,0,1,0,0,0,0,0,0,0,0,0,0,0
GH14-016,SF2,E.spectabile,F,0.48,3.8,3,0,0,0,0,0,0,0,0,0,0,0,0,0,0,0,0,0,0
GH14-016,SF7,E.spectabile,F,0.48,4,5,0,0,0,0,0,3,0,0,0,0,0,0,0,0,0,0,0,0
GH14-016,SF9,E.spectabile,F,0.71,4.4,1,0,0,0,0,0,2,0,0,0,0,0,0,0,0,0,0,0,0
GH14-016,SF10,E.spectabile,F,0.48,3.9,1,0,0,0,0,0,0,0,0,0,0,0,0,0,0,0,0,0,0
GH14-016,SF12,E.spectabile,F,0.44,3.7,1,0,0,0,0,0,0,0,0,0,0,0,0,0,0,0,0,0,0
GH14-016,SF13,E.spectabile,F,0.45,3.8,6,0,0,0,0,0,0,0,0,0,0,0,0,0,0,0,0,0,0
GH14-016,SF15,E.spectabile,F,0.41,3.6,3,0,0,0,0,0,0,0,0,0,0,0,0,0,0,0,0,0,0
GH14-016,SF16,E.spectabile,F,0.46,3.9,3,0,0,0,0,0,0,0,0,0,0,0,0,0,0,0,0,0,0
GH14-016,SF17,E.spectabile,F,1.12,5.2,3,0,0,0,0,0,3,0,0,0,0,0,0,0,0,0,0,0,0
GH14-016,SF18,E.spectabile,F,0.51,4,2,0,0,0,0,0,0,0,0,0,0,0,0,0,0,0,0,0,0
